{
  "0.6796962859036724": {
    "user_id": 6
  },
  "0.357807879286121": {
    "user_id": 7
  },
  "0.6904599476887618": {
    "user_id": 7
  },
  "0.10214500615208055": {
    "user_id": 6
  },
  "0.856070270640708": {
    "user_id": 5
  }
}